{"0": [1.445436074067429, 2.7153985867177086, 0.4187187373206923, 4.579553398105831]}{"1": [1.583258232416928, 2.443221748153988, 0.7602754417851176, 4.786755422356034]}{"2": [1.3977732937048106, 2.9063404993855055, 0.4509346974928519, 4.755048490583168]}{"3": [0.824630571444579, 1.807888994314224, 0.9114420290583851, 3.543961594817188]}{"4": [1.4234946077991875, 4.4680291889017925, 0.6066749491490071, 6.4981987458499875]}{"5": [3.2777961984337676, 3.1521505117380992, 0.5385555091411952, 6.968502219313063]}{"6": [1.2669064825645, 1.4527833565530952, 0.6499835245015527, 3.369673363619148]}{"7": [2.39246032579484, 2.222115348056559, 0.7993018635042288, 5.413877537355628]}{"8": [2.1733833724490697, 1.8124134230985283, 1.238074170084482, 5.22387096563208]}{"9": [1.9767220646231658, 1.8215137548678244, 0.7713632007119594, 4.56959902020295]}{"10": [3.0234183188111805, 1.5257207853323667, 1.126315656925318, 5.675454761068865]}{"11": [2.4780695674706354, 3.333819294820057, 0.7470905573798022, 6.558979419670494]}{"12": [2.208712302884252, 1.7217181542495739, 1.51815778291948, 5.448588240053306]}{"13": [2.5180849833547603, 2.2089120275122562, 0.5957250701847374, 5.322722081051754]}{"14": [1.5874544464833942, 3.9888338743292016, 0.7399197427648808, 6.316208063577477]}{"15": [2.508470062050085, 2.3850761280918156, 1.117427546964539, 6.01097373710644]}{"16": [2.5738250650251637, 2.829770779923508, 1.3219255502401555, 6.725521395188828]}{"17": [2.8172615339910343, 4.123112206557026, 0.5786266779846034, 7.519000418532663]}{"18": [2.893842987728421, 2.8616722502774574, 1.1186365883373361, 6.8741518263432155]}{"19": [1.7461036717640954, 4.127912420619808, 1.3941241450283945, 7.268140237412298]}{"20": [1.373536386660805, 3.340911101365798, 1.8176737632786983, 6.532121251305301]}{"21": [3.1095333526024143, 2.0551945685223583, 1.1802490096188607, 6.344976930743632]}{"22": [2.320880245982051, 3.0752006261503015, 1.0169016452193889, 6.412982517351741]}{"23": [2.6831634262841155, 1.739176507395931, 1.620222555013368, 6.042562488693414]}{"24": [2.914413517323787, 0.967681801952128, 1.5968189675207767, 5.478914286796692]}