{"0": [0.905941480785252, 0.7070026902311545, 0.6241273094353377, 2.2370714804517444]}{"1": [0.9447017959039019, 0.8612690399998233, 0.9760368849667111, 2.7820077208704364]}{"2": [0.9893362873050702, 1.1106492231059921, 0.6400274149330498, 2.7400129253441117]}{"3": [0.7013877899761429, 0.8338459805365421, 1.0459497489867249, 2.58118351949941]}{"4": [1.213522053910191, 1.1234104110821677, 0.9128837971580599, 3.2498162621504183]}{"5": [1.2007447949408774, 0.936310395306982, 0.7531107434634909, 2.8901659337113506]}{"6": [0.8263843364128909, 1.0028173988579743, 0.8065673338902938, 2.635769069161159]}{"7": [1.0445891382437724, 1.3278145565567736, 0.8665713915315293, 3.2389750863320756]}{"8": [1.2258347742462536, 1.4373076765721313, 1.3622232036404927, 4.025365654458877]}{"9": [1.1617991236372613, 1.0715787529372183, 0.8795632822782854, 3.112941158852765]}{"10": [1.2280421955069252, 1.0951999902033167, 1.3449122059797598, 3.6681543916900017]}{"11": [1.7429727516681561, 1.902999405193884, 0.9167807911573029, 4.562752948019343]}{"12": [1.3353977415199634, 0.8489197857852652, 2.338399141553554, 4.5227166688587825]}{"13": [1.606816815320334, 1.1438016870031211, 0.8119621702328506, 3.5625806725563054]}{"14": [1.0565418656994376, 1.8931262075061577, 1.0978344518818117, 4.047502525087407]}{"15": [1.4730487809673285, 1.0719591105635249, 1.3690715955910988, 3.9140794871219526]}{"16": [1.4140659680741958, 1.3153231759659672, 1.9415143741028036, 4.670903518142967]}{"17": [1.9363802900550506, 1.6635251655648995, 0.7866370179994869, 4.386542473619437]}{"18": [1.3869280493558365, 1.2355011599227192, 1.385592282635656, 4.008021491914212]}{"19": [1.671657059501388, 1.3641121213870617, 1.9531326871551502, 4.9889018680436]}{"20": [0.7369827886816234, 1.8190162302295265, 2.308171533971534, 4.864170552882683]}{"21": [1.6900298111066983, 0.9567851769459143, 1.6800182948046252, 4.326833282857238]}{"22": [1.5169267656412893, 1.547574520852863, 1.2675271986669243, 4.332028485161077]}{"23": [1.8163852355358927, 1.3436293136934008, 1.632945765395594, 4.792960314624888]}{"24": [1.6393079843143037, 0.8140468179562088, 1.694375804767567, 4.1477306070380795]}