{"0": [0.8370739820731175, 0.7019358657691092, 0.6420150699206078, 2.1810249177628345]}{"1": [0.8928533327772393, 0.7706460288904061, 1.096889993537702, 2.7603893552053473]}{"2": [0.9317018547228153, 1.1057949185887825, 0.6759864839501865, 2.7134832572617844]}{"3": [0.7302317651510642, 0.7897534798800241, 1.0572440642340741, 2.577229309265163]}{"4": [1.229412534039061, 1.125286700737838, 0.9327288286390816, 3.2874280634159803]}{"5": [1.195980865444017, 0.8812491326963952, 0.7296904320021997, 2.806920430142612]}{"6": [0.839820889946399, 1.0186609190239777, 0.7788316036852404, 2.637313412655617]}{"7": [1.0517505735273711, 1.3212926792590118, 0.8467010468474377, 3.219744299633821]}{"8": [1.2117183386718948, 1.3731553425763614, 1.4555136883091093, 4.040387369557365]}{"9": [1.172337012467279, 1.0234917846036997, 0.9054783410669952, 3.1013071381379738]}{"10": [1.2174562697076312, 1.157393032394466, 1.2858075266048126, 3.6606568287069097]}{"11": [1.6420776426506127, 1.8384289498810389, 0.8773439348569009, 4.357850527388552]}{"12": [1.5469968494084403, 0.8315400488116921, 1.9052751193385224, 4.283812017558655]}{"13": [1.579945068436365, 1.2098853066102395, 0.7921114740114347, 3.5819418490580395]}{"14": [0.9589482618758389, 2.081468839960681, 0.9240902617429962, 3.9645073635795165]}{"15": [1.3513121942494628, 0.9984933393719356, 1.609905209639887, 3.9597107432612857]}{"16": [1.3031764142176578, 1.2875472289811323, 1.96557032553742, 4.55629396873621]}{"17": [1.9481743887709544, 1.6107736420162182, 0.7761515836778137, 4.335099614464987]}{"18": [1.5156048695001143, 1.0848958939231497, 1.4233301889033152, 4.023830952326579]}{"19": [1.6323534985828942, 1.7167389827008779, 1.6644502281957474, 5.01354270947952]}{"20": [0.7388408854528874, 1.7545549907698312, 2.252823695381014, 4.746219571603733]}{"21": [1.8460810156379988, 0.7935889130581726, 1.5662582790718849, 4.205928207768056]}{"22": [1.6991493883926188, 1.4293843262731334, 1.237582650802895, 4.366116365468647]}{"23": [1.2021231351473594, 1.6126814315751459, 1.705010346874586, 4.5198149135970915]}{"24": [1.498471805227812, 0.8442066502314878, 1.6518411625610725, 3.994519618020372]}