{"0": [1.8519901011947253, 0.6135913396918173, 0.6720046189403222, 3.137586059826865]}{"1": [1.1270388091436179, 0.6152147559589982, 2.4524243734687303, 4.194677938571346]}{"2": [2.2666371086676365, 1.0230355127292015, 0.8853228394811058, 4.174995460877944]}{"3": [0.9195003572763162, 0.5837859622222904, 3.417382903238086, 4.920669222736692]}{"4": [1.4742032932435507, 0.7123164529963252, 2.601393493678985, 4.787913239918861]}{"5": [2.5094556183851053, 0.6673201268620182, 1.1061330336741158, 4.2829087789212394]}{"6": [0.9548265552042963, 0.7795524875969205, 3.2498582273244923, 4.984237270125709]}{"7": [2.399721417050237, 1.168939091068286, 1.168731355922169, 4.737391864040692]}{"8": [1.7556060993906506, 1.2818951600304551, 2.5758070694554696, 5.613308328876576]}{"9": [1.4704923198017419, 1.0021748271636417, 1.157066629943046, 3.6297337769084295]}{"10": [1.4645659863606977, 1.0477387734119068, 3.4274334425651793, 5.939738202337784]}{"11": [3.3505416516577124, 1.8498199014409822, 1.1602500696500186, 6.3606116227487135]}{"12": [1.7360208661879704, 0.6922806919054987, 3.642963690349857, 6.071265248443326]}{"13": [4.634818745209981, 0.892170994138666, 0.7852092518124396, 6.312198991161086]}{"14": [1.0425143370031613, 1.9912827750016933, 2.586788949125395, 5.62058606113025]}{"15": [2.1752687525261267, 0.6888179082938166, 3.7855649920595207, 6.649651652879464]}{"16": [2.2468823906062965, 1.0313869705290624, 2.1997907156924446, 5.478060076827804]}{"17": [2.995514547702564, 1.0942132664380597, 1.3593592833196482, 5.449087097460272]}{"18": [2.310950956583887, 0.9929861615432528, 2.094244999669659, 5.398182117796798]}{"19": [2.549466732263498, 1.1166051979660672, 5.0147281500262935, 8.680800080255858]}{"20": [1.3870977959479704, 1.3815994673964334, 3.43972011345725, 6.208417376801654]}{"21": [3.0850671749081156, 0.7579872440551203, 2.2078931848150183, 6.050947603778255]}{"22": [2.8313784123317696, 1.1133656345996616, 3.239283713983939, 7.18402776091537]}{"23": [2.8138206581948784, 1.2686657810792, 2.367285122324367, 6.449771561598444]}{"24": [2.0390945414060613, 0.6409955175317302, 3.75163846827244, 6.431728527210232]}