{"0": [0.6943736897703043, 3.025163400013252, 1.7805338124102241, 5.50007090219378]}{"1": [0.5434009160994823, 1.7072776282957642, 2.8958196906400575, 5.146498235035304]}{"2": [0.5920492823430906, 2.9897558679364686, 0.7649647518079224, 4.346769902087481]}{"3": [0.6908390963971772, 0.9318102564503964, 2.3819559193899345, 4.004605272237508]}{"4": [1.1421250543381836, 3.3982707179327423, 0.9631698249034145, 5.50356559717434]}{"5": [1.0928785887761316, 2.4964392926764827, 1.0499545926994738, 4.639272474152088]}{"6": [0.8133461921856024, 0.9111877446455318, 1.2999952905378183, 3.0245292273689524]}{"7": [0.5944911122624076, 3.6589545442837252, 1.464923168996901, 5.718368825543034]}{"8": [1.1822686772032522, 1.25366097425046, 1.9800809879934456, 4.416010639447157]}{"9": [1.0892740988092664, 1.9143004761341718, 1.0558332372594754, 4.059407812202913]}{"10": [1.0833964785133476, 1.4798705886683905, 3.2536897786200965, 5.816956845801835]}{"11": [0.8844796846389553, 3.979726189773556, 2.0426062677371144, 6.906812142149626]}{"12": [0.9733561132755802, 1.8725253951026322, 2.92517607921051, 5.7710575875887224]}{"13": [1.4422054314960515, 1.9170265073373796, 0.9520482181001533, 4.311280156933584]}{"14": [0.8900565689242901, 2.872215844517812, 1.4467355553206815, 5.2090079687627835]}{"15": [1.2333522254568297, 2.190874557487677, 2.237030678696284, 5.6612574616407905]}{"16": [1.3228397936128278, 1.7167862445906903, 2.9661177080152212, 6.005743746218739]}{"17": [1.6706920330178043, 3.240034474413337, 1.118286886247285, 6.029013393678426]}{"18": [1.2839746585600598, 3.0282859987006354, 1.689860781888454, 6.002121439149149]}{"19": [1.4936972342989279, 2.986924128789501, 2.6722309695146693, 7.152852332603098]}{"20": [0.6797995500209805, 4.170313207205584, 2.9211492293499783, 7.771261986576544]}{"21": [1.5320738122690538, 0.9983179775415336, 2.900417462865457, 5.4308092526760445]}{"22": [1.4407750165914202, 2.8912197030092064, 2.3142576160331534, 6.646252335633779]}{"23": [1.1359973532710739, 2.617814619411928, 2.4977392211852485, 6.25155119386825]}{"24": [1.2515119299024746, 1.0470742634259136, 4.1306983664858805, 6.429284559814269]}