{"0": [0.2969240919840348, 0.2616211760066883, 0.4496891246762262, 1.0082343926669493]}{"1": [0.289153991308162, 0.26832298211557015, 0.403538829042897, 0.9610158024666291]}{"2": [0.3325072445329596, 0.37095121940424314, 0.5469982130945812, 1.250456677031784]}{"3": [0.5484029547167102, 0.3134305802451386, 0.47774908259605053, 1.3395826175578993]}{"4": [0.3978642320724212, 0.4386943034456475, 0.6209574533202173, 1.457515988838286]}{"5": [0.651682822752653, 0.364929612195051, 0.5670256724447063, 1.5836381073924102]}{"6": [0.4690051735935673, 0.3458574210555454, 0.5990176131329188, 1.4138802077820314]}{"7": [0.5009900269704176, 0.7085249930711887, 0.4573553314447475, 1.6668703514863537]}{"8": [0.8352407700047833, 0.48149320861557315, 0.770782137614584, 2.0875161162349407]}{"9": [0.7146591861419561, 0.5733006143503818, 1.1042225034159483, 2.392182303908286]}{"10": [0.8199038803869538, 0.7013937209129406, 0.9206110906752965, 2.4419086919751907]}{"11": [0.8474894925943415, 0.6260205685592354, 1.1407341950602876, 2.6142442562138646]}{"12": [1.0912912594344761, 0.7734659265394903, 1.071467711666886, 2.9362248976408525]}{"13": [1.06740931650686, 1.0239131301386757, 2.055199368570646, 4.146521815216182]}{"14": [2.3532985419636554, 1.043758209259705, 2.82553064458934, 6.222587395812701]}{"15": [2.3448136387386196, 1.5803134975926585, 4.6154878490325295, 8.540614985363808]}{"17": [1.1431909124397843, 0.21678253417624255, 1.587826458777422, 2.947799905393449]}{"18": [0.5392576936367937, 0.2575231995216273, 0.20982647761145276, 1.0066073707698737]}