{"0": [0.32857697427041604, 0.28477715385533814, 0.4876200748805207, 1.1009742030062748]}{"1": [0.3075409713286923, 0.28978009798106474, 0.4438701537842274, 1.0411912230939844]}{"2": [0.361626834022981, 0.40424153475517016, 0.6075629539480314, 1.3734313227261825]}{"3": [0.7006175313535893, 0.3352908296899258, 0.5248042645827385, 1.5607126256262536]}{"4": [0.44420776893530955, 0.5754377733773278, 0.694718452630878, 1.7143639949435152]}{"5": [0.7577271052353965, 0.4054238448791634, 0.639530731611004, 1.8026816817255638]}{"6": [0.5594387148944965, 0.3969007312784469, 0.6745518369191377, 1.630891283092081]}{"7": [0.5924252236079302, 1.1225581451395954, 0.5037665765935251, 2.2187499453410506]}{"8": [1.0665754619947556, 0.6489570926104117, 0.9209774093359405, 2.6365099639411076]}{"9": [0.9321812202287251, 0.6886472801033922, 1.374345011739626, 2.9951735120717435]}{"10": [1.0167962651756643, 0.8606395847409439, 1.1474135641131522, 3.0248494140297604]}{"11": [0.9555437513486806, 1.0301909409254482, 1.4191761394330864, 3.404910831707215]}{"12": [-22.656199105081466, 1.3825956238193264, 1.4488530024164354, -19.824750478845704]}{"13": [34.48378776440166, -1.4446849263546713, 3.312930813058633, 36.35203365110563]}{"14": [4.309930609347478, -107.53851882871064, 247.6601641005453, 144.43157588118214]}{"15": [14.800480785615965, 0.2775321217597613, 27.81946422190131, 42.897477129277036]}{"16": [2.868087166245739, 3.27970988892639, 0.2726652401443069, 6.420462295316436]}{"17": [0.9624502006219837, 5.509774978766706, 5.291227962645463, 11.763453142034152]}{"18": [4.517306943707779, 0.1706643099377504, 2.925166323007362, 7.613137576652892]}{"19": [0.5218679255784238, 0.1243717809846435, 0.11615648432829284, 0.7623961908913601]}