{"0": [0.30982162040332123, 0.40962403615886106, 0.5056744761873511, 1.2251201327495334]}{"1": [0.3108718950830172, 0.34546441795318206, 0.4645392725795142, 1.1208755856157135]}{"2": [0.31226191743812065, 0.3926337254821575, 0.40494396017039547, 1.1098396030906736]}{"3": [0.41383638294758446, 0.3895429851303444, 0.36820022420100434, 1.1715795922789332]}{"4": [0.4536651712026509, 0.3781644148978188, 0.622687101607726, 1.4545166877081956]}{"5": [0.38870520162464883, 0.6599959228937174, 0.7512629369628783, 1.7999640614812444]}{"6": [0.6300527470304411, 0.44653881922994443, 0.8465077725530753, 1.923099338813461]}{"7": [0.6831128567573248, 0.5438967945697009, 0.4597040276380869, 1.6867136789651125]}{"8": [0.9000024521524536, 0.6804761307377928, 1.0611965234407708, 2.641675106331017]}{"9": [0.7285516770650924, 1.038694254303819, 2.2078727132564606, 3.975118644625372]}{"10": [0.9128037648946548, 0.9393154029079093, 0.6316092944236866, 2.4837284622262503]}{"11": [1.2272783136932628, 0.5139307512032024, -82.20981505837261, -80.46860599347615]}{"12": [1.1485572732442209, 2.226838146566713, 16.288883152938173, 19.664278572749105]}{"13": [2.0475012011943585, 26.316188116531045, 2.9236760950262575, 31.28736541275166]}{"14": [15.103662604094449, 2.3448065155401117, 2.110979256668097, 19.559448376302655]}{"15": [-9.300943973519852, 2.740154456170571, 6.1608890519376915, -0.39990046541158897]}{"16": [14.539250545650457, 0.9386093111481804, 0.7546741131409951, 16.232533969939634]}{"17": [4.502045909940361, 2.598804416650073, 1.1783029337502418, 8.279153260340676]}{"18": [0.0, 0.0, 0.0, 0.0]}{"19": [0.0, 0.0, 0.0, 0.0]}