{"0": [0.3160377543418313, 0.40166723083798483, 0.4895044263449757, 1.2072094115247918]}{"1": [0.31545809851081, 0.33400839402111837, 0.3921684409522878, 1.0416349334842163]}{"2": [0.31745941748993295, 0.384844390859713, 0.416954181418977, 1.119257989768623]}{"3": [0.41487789201862274, 0.37473867084562107, 0.3637844554964628, 1.1534010183607066]}{"4": [0.4789011439153841, 0.3764045751483453, 0.6510497038158118, 1.5063554228795413]}{"5": [0.40501611837460744, 0.6460449463417285, 0.7377959460109792, 1.7888570107273152]}{"6": [0.663568417278981, 0.4508396733840572, 0.8080703847000095, 1.9224784753630477]}{"7": [0.7228454420075743, 0.5178537419260824, 0.521497612904535, 1.7621967968381915]}{"8": [0.9792186710474924, 0.5875893052363043, 0.8363631136642647, 2.4031710899480614]}{"9": [0.7808789140804193, 0.8928552504822718, 1.4826035551408396, 3.1563377197035307]}{"10": [0.9107014071305419, 0.8151249373858398, 0.7708895387367931, 2.4967158832531746]}{"11": [1.9991781416447347, 0.5184411186808897, 1.5568966759586393, 4.074515936284264]}{"12": [1.2406507491936962, 0.7550975365298889, 1.8662862481476261, 3.862034533871211]}{"13": [2.908769545500073, 1.652169639757421, 20.925948933727483, 25.48688811898498]}{"14": [1.848412524922911, 1.8223827614851624, 2.6650058625421065, 6.33580114895018]}{"15": [366.5496815936744, 2.823127046028889, 12.808382256482147, 382.18119089618546]}{"16": [47.52122752781528, 6.295779325676317, -3.114399130904786, 50.702607722586805]}{"17": [0.916140019596692, 1.4092357214992641, 2.2408316166552895, 4.566207357751246]}{"18": [0.8597213757062967, 1.1361907263530855, 0.24018608418696477, 2.236098186246347]}{"19": [0.0, 0.0, 0.0, 0.0]}