{"0": [0.31344960276601186, 0.2736529861779208, 0.5352648813531077, 1.1223674702970403]}{"1": [0.3051188272518372, 0.29062757361023805, 0.4421905375481089, 1.037936938410184]}{"2": [0.3552793506669668, 0.4056836743873505, 0.6315161808096805, 1.3924792058639979]}{"3": [0.6129625277256839, 0.3497552460700635, 0.5321366401822134, 1.494854413977961]}{"4": [0.43799475180029845, 0.5110623048693179, 0.7538016918406636, 1.70285874851028]}{"5": [0.7322700794097278, 0.4359788384658965, 0.6715345304354143, 1.8397834483110387]}{"6": [0.5287133956129898, 0.3860194313537209, 0.8055430393544518, 1.7202758663211626]}{"7": [0.5598755336814495, 0.8534378153995272, 0.5823242308595017, 1.9956375799404782]}{"8": [0.9622734622418447, 0.5632259054484655, 0.9987201129255036, 2.524219480615814]}{"9": [0.8353970408005618, 0.8216052882771651, 1.3710434126976403, 3.028045741775367]}{"10": [0.990296639872998, 1.8783521012010842, 1.1379804681844594, 4.006629209258541]}{"11": [0.9947134393253961, 0.713562450428379, 4.229737990447459, 5.938013880201234]}{"12": [1.3491524766054164, -0.2099205673934268, 1.5604862360747092, 2.699718145286699]}{"13": [1.3636164867501672, 3.252143538359528, 10.002802549100968, 14.618562574210664]}{"14": [5.896659050996025, 4.483109748476371, 68.65380456949538, 79.03357336896778]}{"15": [-6.162797160906736, -14.148798716555932, 6.414815388361775, -13.896780489100895]}{"16": [11.20534802417527, 1.3070494280032001, 0.13349918679590878, 12.64589663897438]}{"17": [0.005704025752350074, 0.3984698584136649, 2.020851207535704, 2.425025091701719]}{"18": [2.9695477607906753, 0.8594356400910224, 4.932201984197884, 8.761185385079582]}{"19": [0.0, 0.0, 0.0, 0.0]}