{"0": [0.3158238275377363, 0.4057481878796505, 0.4819333127455594, 1.2035053281629462]}{"1": [0.32049476069878935, 0.36254398304697255, 0.3800684016819025, 1.0631071454276644]}{"2": [0.3428463987358496, 0.46802915689631525, 0.40800223189191637, 1.2188777875240813]}{"3": [0.46181218099856997, 0.4621650472452268, 0.37070806972278436, 1.294685297966581]}{"4": [0.4544730899512006, 0.41457931297739575, 0.5704914575800821, 1.4395438605086786]}{"5": [0.385934846495566, 0.7481039333204728, 0.6598560671645136, 1.7938948469805522]}{"6": [0.6958908775008713, 0.4744985960103605, 0.816924133868123, 1.9873136073793547]}{"7": [0.6836415000848212, 0.6315437635945859, 0.413533950630958, 1.728719214310365]}{"8": [0.8788031083415083, 0.8614834923372613, 0.7958394298315371, 2.5361260305103066]}{"9": [0.741034402994134, 1.561175815257966, 1.0151116276685548, 3.317321845920655]}{"10": [0.911612409216007, 1.9093816673011483, 0.6542689436869676, 3.475263020204123]}{"11": [1.1756259123115191, 5.240960978386366, 1.1875103694966458, 7.60409726019453]}{"12": [1.2248256755545865, 0.8221551806162558, 1.5132925114078541, 3.5602733675786964]}{"13": [2.0809226795791065, 2.3089029967444987, 2.136666900166834, 6.526492576490439]}{"14": [2.194827469673001, 1.940439092814921, 3.4066704763301727, 7.541937038818095]}{"15": [18.59500084726428, -11.30852566159757, 0.15127363377768435, 7.437748819444396]}{"16": [2.6732270697874347, 0.8478006013384949, 6.714469646624926, 10.235497317750855]}{"17": [1.048940849986847, 0.9207120280573323, 0.08667228942006673, 2.0563251674642458]}{"18": [2.0130097820208808, 0.20964012415346, 1.2774234804554536, 3.5000733866297944]}{"19": [0.0, 0.0, 0.0, 0.0]}