{"0": [0.31394316061937194, 0.27485065872242925, 0.49369100820201084, 1.0824848275438121]}{"1": [0.30577747705940295, 0.2839242372930125, 0.4369878745257766, 1.0266895888781922]}{"2": [0.355343209624322, 0.39957585633174536, 0.6036403999347882, 1.3585594658908557]}{"3": [0.6065414663575575, 0.33275145304449055, 0.5305325112603392, 1.4698254306623872]}{"4": [0.4348542983054259, 0.4826708283665745, 0.7021205779554844, 1.6196457046274848]}{"5": [0.7386184755989493, 0.3997482619345153, 0.6359675188521959, 1.7743342563856603]}{"6": [0.5226605759850049, 0.3743280728281574, 0.6744455436182161, 1.5714341924313784]}{"7": [0.5726117930597014, 0.8050867113994086, 0.5064988102600373, 1.8841973147191475]}{"8": [0.960708707796837, 0.537999355983401, 0.9272231615141422, 2.4259312252943803]}{"9": [0.869381172612882, 0.6826629675180382, 1.3954098921051346, 2.9474540322360547]}{"10": [0.9703816424079688, 0.8309073825771884, 1.137347225680687, 2.9386362506658443]}{"11": [1.016310479077522, 0.7262929606642792, 1.4894515639016608, 3.232055003643462]}{"12": [1.4781039399785199, 0.9334072823981822, 1.3880707727108788, 3.7995819950875807]}{"13": [1.3565712699567976, 1.3425119476556975, 3.3924560017941223, 6.091539219406617]}{"14": [4.555120656643645, 1.3118683448899704, 5.705379722287951, 11.572368723821565]}{"15": [23.852148189937505, 2.8549781085259616, 28.583388720158133, 55.290515018621605]}{"16": [-489.0993296115341, 2.267446834442881, 7.957016593862001, -478.8748661832292]}{"17": [1.4476060756515567, 2.8801205548049262, 1.2134814892535437, 5.541208119710026]}{"18": [1.5535217349909536, 0.7707249771089958, 0.7527004010871281, 3.076947113187077]}{"19": [3.086362405570383, 0.6235277048542521, 0.09762463597519998, 3.8075147463998347]}