{"0": [0.293910668691787, 0.37492358683218147, 0.4459541846647076, 1.114788440188676]}{"1": [0.2952552035206484, 0.31665170792764863, 0.35070457105456526, 0.9626114825028622]}{"2": [0.2911430334538076, 0.3553747959629985, 0.36983078846020234, 1.0163486178770085]}{"3": [0.3865401396194756, 0.3510121077722015, 0.34099537588366063, 1.0785476232753377]}{"4": [0.41966728793307184, 0.35125255325789695, 0.5087266616683501, 1.279646502859319]}{"5": [0.36436127584497385, 0.5808635272147814, 0.5869714103277442, 1.5321962133874996]}{"6": [0.56613455600983, 0.4158782923102364, 0.6898139682685704, 1.6718268165886367]}{"7": [0.6112659248908902, 0.47297372703257945, 0.3840610022506446, 1.4683006541741142]}{"8": [0.7687121672706381, 0.526072970255731, 0.7015031683685181, 1.996288305894887]}{"9": [0.6204164458180097, 0.7676282797168037, 0.8638344348659269, 2.2518791604007404]}{"10": [0.7645767716341655, 0.721814990743188, 0.5851217372692468, 2.0715134996466]}{"11": [0.9428237164756279, 0.45838872313306067, 0.9664025102375962, 2.367614949846285]}{"12": [0.9005366328556006, 0.6526508207492783, 1.1972679744758317, 2.7504554280807105]}{"13": [1.3519921036273885, 1.157357527872214, 1.4900366773080405, 3.999386308807643]}{"14": [2.0820738200611775, 1.2672177297406122, 1.8331471758954474, 5.182438725697237]}{"15": [3.4192270049102484, 1.6026832499753483, 2.460152513773307, 7.4820627686589045]}{"16": [6.666678241983375, 2.17875168997781, 4.984434755533455, 13.82986468749464]}