{"0": [0.3172102501678805, 0.27278504176153096, 0.5147006639780326, 1.104695955907444]}{"1": [0.3082467458171135, 0.2820858475931891, 0.43940040586302886, 1.0297329992733313]}{"2": [0.359863944500287, 0.3991488335111896, 0.6418806288038638, 1.4008934068153405]}{"3": [0.7143916249531285, 0.33382824308111697, 0.5431785045557409, 1.5913983725899863]}{"4": [0.4499880812881432, 0.47941906308676935, 0.7609042965986447, 1.6903114409735571]}{"5": [0.794969813314395, 0.39704235046810066, 0.7248472014407084, 1.916859365223204]}{"6": [0.5924197077164949, 0.3756222309439542, 0.710625468537645, 1.678667407198094]}{"7": [0.6415998010422855, 0.802813695937097, 0.5030295030770526, 1.9474430000564351]}{"8": [0.9519312820605595, 0.5340730793019484, 1.0588134997307017, 2.5448178610932093]}{"9": [1.826867297866794, 0.6311078821500791, 2.2291223939453397, 4.6870975739622125]}{"10": [1.8104345668881787, 0.8172741819452735, 1.496233824878251, 4.1239425737117035]}{"11": [1.8387232240553293, 0.7183536905231198, -1.400399332088773, 1.1566775824896758]}{"12": [5.567239847922964, 0.9187450649469533, 1.5375104207043082, 8.023495333574225]}{"13": [1.2746432477158658, 1.373562154382095, 3.4736168226111626, 6.121822224709124]}{"14": [-12.02105722189293, 1.5366288413344562, -11.741598624277845, -22.226027004836318]}{"15": [11.00248801669559, 0.02855115408031106, 98.47178168295736, 109.50282085373325]}{"16": [4.4475658827351285, 3.87732062040215, -0.28216339719521566, 8.042723105942063]}{"17": [0.009941709562260136, 0.38413002162802923, 2.620642360429775, 3.0147140916200645]}{"18": [0.0, 0.0, 0.0, 0.0]}{"19": [0.5976402774638832, 0.4380413995329416, 0.13028914557641766, 1.1659708225732424]}