{"0": [0.3141550463940224, 0.401584239541546, 0.4861958030120727, 1.2019350889476412]}{"1": [0.31155573589897084, 0.34182172879814665, 0.3799771295246356, 1.0333545942217532]}{"2": [0.30978527945788936, 0.38569451833518675, 0.4041800782243776, 1.0996598760174536]}{"3": [0.41956094571331126, 0.37745167028620685, 0.36478015240909784, 1.161792768408616]}{"4": [0.4630933939474263, 0.3772999247646744, 0.5602032103394067, 1.4005965290515072]}{"5": [0.38806629196206693, 0.649862010467899, 0.6632366461980764, 1.7011649486280422]}{"6": [0.6461171561447215, 0.4517641069383628, 0.8059721269410423, 1.9038533900241266]}{"7": [0.7097670917868739, 0.5437063762942651, 0.42554882555379714, 1.6790222936349362]}{"8": [0.8974691228604574, 0.5894599085490685, 0.8045084815823451, 2.2914375129918714]}{"9": [0.715753912677108, 0.8941283832248185, 1.032406375091062, 2.642288670992988]}{"10": [0.8932099666229665, 0.8645457673012602, 0.6575815457651975, 2.415337279689424]}{"11": [1.1331016080655727, 0.533966221137169, 1.206223013130377, 2.8732908423331187]}{"12": [1.1754400431545011, 0.817056578112959, 1.4928489239627298, 3.48534554523019]}{"13": [1.9571918192878783, 1.6890468940383667, 2.0430787727590727, 5.689317486085318]}{"14": [5.006493483372173, 2.0030634180926365, 2.881979010479427, 9.891535911944237]}{"15": [2.263820637235412, 2.607846313411641, 4.447710392303194, 9.319377342950247]}{"16": [19.001134242843715, -1.7585356545771704, 12.179022228379976, 29.421620816646524]}{"17": [35.57129617265836, 2.4507833952550797, 4.279449899105073, 42.30152946701851]}{"18": [0.0, 0.0, 0.0, 0.0]}{"19": [0.0, 0.0, 0.0, 0.0]}